-- MySQL dump 10.13  Distrib 8.0.19, for Win64 (x86_64)
--
-- Host: 127.0.0.1    Database: arenavault
-- ------------------------------------------------------
-- Server version	5.7.24

/*!40101 SET @OLD_CHARACTER_SET_CLIENT=@@CHARACTER_SET_CLIENT */;
/*!40101 SET @OLD_CHARACTER_SET_RESULTS=@@CHARACTER_SET_RESULTS */;
/*!40101 SET @OLD_COLLATION_CONNECTION=@@COLLATION_CONNECTION */;
/*!50503 SET NAMES utf8 */;
/*!40103 SET @OLD_TIME_ZONE=@@TIME_ZONE */;
/*!40103 SET TIME_ZONE='+00:00' */;
/*!40014 SET @OLD_UNIQUE_CHECKS=@@UNIQUE_CHECKS, UNIQUE_CHECKS=0 */;
/*!40014 SET @OLD_FOREIGN_KEY_CHECKS=@@FOREIGN_KEY_CHECKS, FOREIGN_KEY_CHECKS=0 */;
/*!40101 SET @OLD_SQL_MODE=@@SQL_MODE, SQL_MODE='NO_AUTO_VALUE_ON_ZERO' */;
/*!40111 SET @OLD_SQL_NOTES=@@SQL_NOTES, SQL_NOTES=0 */;

--
-- Table structure for table `ARENA`
--

DROP TABLE IF EXISTS `ARENA`;
/*!40101 SET @saved_cs_client     = @@character_set_client */;
/*!50503 SET character_set_client = utf8mb4 */;
CREATE TABLE `ARENA` (
  `ARENA_ID` varchar(36) NOT NULL,
  `ARENA_NAME` varchar(100) DEFAULT NULL,
  `ARENA_OWNER_USER_ID` int(11) DEFAULT NULL,
  `ARENA_CREATEDDATE` datetime DEFAULT CURRENT_TIMESTAMP,
  PRIMARY KEY (`ARENA_ID`),
  UNIQUE KEY `ARENA_NAME_UNIQUE` (`ARENA_NAME`),
  KEY `ARENA_OWNER_USER_ID` (`ARENA_OWNER_USER_ID`),
  CONSTRAINT `ARENA_OWNER_USER_ID` FOREIGN KEY (`ARENA_OWNER_USER_ID`) REFERENCES `USER` (`USER_ID`) ON DELETE CASCADE ON UPDATE NO ACTION
) ENGINE=InnoDB DEFAULT CHARSET=latin1;
/*!40101 SET character_set_client = @saved_cs_client */;

--
-- Dumping data for table `ARENA`
--

LOCK TABLES `ARENA` WRITE;
/*!40000 ALTER TABLE `ARENA` DISABLE KEYS */;
INSERT INTO `ARENA` VALUES ('0B97F3','AGC Solo Episode 1',1,'2020-03-06 10:52:16');
/*!40000 ALTER TABLE `ARENA` ENABLE KEYS */;
UNLOCK TABLES;

--
-- Table structure for table `PLAYER`
--

DROP TABLE IF EXISTS `PLAYER`;
/*!40101 SET @saved_cs_client     = @@character_set_client */;
/*!50503 SET character_set_client = utf8mb4 */;
CREATE TABLE `PLAYER` (
  `PLAYER_ID` int(11) NOT NULL AUTO_INCREMENT,
  `PLAYER_ARENA_ID` varchar(36) DEFAULT NULL,
  `PLAYER_USER_ID` int(11) DEFAULT NULL,
  PRIMARY KEY (`PLAYER_ID`),
  UNIQUE KEY `UNIQUE` (`PLAYER_USER_ID`,`PLAYER_ARENA_ID`),
  KEY `ARENA_ID_idx` (`PLAYER_ARENA_ID`),
  CONSTRAINT `PLAYER_ARENA_ID` FOREIGN KEY (`PLAYER_ARENA_ID`) REFERENCES `ARENA` (`ARENA_ID`) ON DELETE CASCADE ON UPDATE NO ACTION,
  CONSTRAINT `PLAYER_USER_ID` FOREIGN KEY (`PLAYER_USER_ID`) REFERENCES `USER` (`USER_ID`) ON DELETE CASCADE ON UPDATE NO ACTION
) ENGINE=InnoDB AUTO_INCREMENT=26 DEFAULT CHARSET=latin1;
/*!40101 SET character_set_client = @saved_cs_client */;

--
-- Dumping data for table `PLAYER`
--

LOCK TABLES `PLAYER` WRITE;
/*!40000 ALTER TABLE `PLAYER` DISABLE KEYS */;
INSERT INTO `PLAYER` VALUES (2,'0B97F3',1),(3,'0B97F3',2),(4,'0B97F3',3);
/*!40000 ALTER TABLE `PLAYER` ENABLE KEYS */;
UNLOCK TABLES;

--
-- Table structure for table `RESULT`
--

DROP TABLE IF EXISTS `RESULT`;
/*!40101 SET @saved_cs_client     = @@character_set_client */;
/*!50503 SET character_set_client = utf8mb4 */;
CREATE TABLE `RESULT` (
  `RESULT_ID` int(11) NOT NULL AUTO_INCREMENT,
  `RESULT_ARENA_ID` varchar(36) NOT NULL,
  `RESULT_CREATEDDATE` datetime DEFAULT CURRENT_TIMESTAMP,
  `RESULT_P1_PLAYER_ID` int(11) DEFAULT NULL COMMENT 'This is PLAYER.PLAYER_ID not PLAYER.PLAYER_USER_ID',
  `RESULT_P2_PLAYER_ID` int(11) DEFAULT NULL COMMENT 'This is PLAYER.PLAYER_ID not PLAYER.PLAYER_USER_ID',
  `RESULT_OVERALL` varchar(3) DEFAULT NULL,
  PRIMARY KEY (`RESULT_ID`),
  KEY `ARENA_ID_idx` (`RESULT_ARENA_ID`),
  KEY `RESULT_P2_PLAYER_ID` (`RESULT_P2_PLAYER_ID`),
  KEY `RESULT_P1_PLAYER_ID` (`RESULT_P1_PLAYER_ID`),
  CONSTRAINT `RESULT_ARENA_ID` FOREIGN KEY (`RESULT_ARENA_ID`) REFERENCES `ARENA` (`ARENA_ID`) ON DELETE CASCADE ON UPDATE NO ACTION,
  CONSTRAINT `RESULT_P1_PLAYER_ID` FOREIGN KEY (`RESULT_P1_PLAYER_ID`) REFERENCES `USER` (`USER_ID`) ON DELETE CASCADE ON UPDATE NO ACTION,
  CONSTRAINT `RESULT_P2_PLAYER_ID` FOREIGN KEY (`RESULT_P2_PLAYER_ID`) REFERENCES `USER` (`USER_ID`) ON DELETE CASCADE ON UPDATE NO ACTION
) ENGINE=InnoDB AUTO_INCREMENT=20 DEFAULT CHARSET=latin1;
/*!40101 SET character_set_client = @saved_cs_client */;

--
-- Dumping data for table `RESULT`
--

LOCK TABLES `RESULT` WRITE;
/*!40000 ALTER TABLE `RESULT` DISABLE KEYS */;
INSERT INTO `RESULT` VALUES (14,'0B97F3','2020-03-07 20:04:04',2,4,'2-0'),(15,'0B97F3','2020-03-07 20:04:09',2,4,'2-0'),(16,'0B97F3','2020-03-07 20:04:13',2,3,'2-0'),(17,'0B97F3','2020-03-07 20:04:19',2,4,'2-0'),(18,'0B97F3','2020-03-07 20:04:24',2,4,'2-0'),(19,'0B97F3','2020-03-07 21:33:30',2,4,'2-0');
/*!40000 ALTER TABLE `RESULT` ENABLE KEYS */;
UNLOCK TABLES;

--
-- Table structure for table `STAT`
--

DROP TABLE IF EXISTS `STAT`;
/*!40101 SET @saved_cs_client     = @@character_set_client */;
/*!50503 SET character_set_client = utf8mb4 */;
CREATE TABLE `STAT` (
  `STAT_ID` int(11) NOT NULL AUTO_INCREMENT,
  `STAT_TARGET_PLAYER_ID` int(11) DEFAULT NULL,
  `STAT_REVIEW_BY_PLAYER_ID` int(11) DEFAULT NULL,
  `STAT_ATTACK` int(1) DEFAULT NULL,
  `STAT_DEFENSE` int(1) DEFAULT NULL,
  `STAT_SERVE` int(1) DEFAULT NULL,
  `STAT_PLACEMENT` int(1) DEFAULT NULL,
  `STAT_FOOTWORK` int(1) DEFAULT NULL,
  `STAT_UPDATEDDATE` datetime DEFAULT CURRENT_TIMESTAMP ON UPDATE CURRENT_TIMESTAMP,
  PRIMARY KEY (`STAT_ID`),
  UNIQUE KEY `UNIQUE` (`STAT_TARGET_PLAYER_ID`,`STAT_REVIEW_BY_PLAYER_ID`),
  KEY `STAT_TARGET_PLAYER_ID` (`STAT_TARGET_PLAYER_ID`),
  KEY `STAT_REVIEW_BY_PLAYER_ID_idx` (`STAT_REVIEW_BY_PLAYER_ID`),
  CONSTRAINT `STAT_REVIEW_BY_PLAYER_ID` FOREIGN KEY (`STAT_REVIEW_BY_PLAYER_ID`) REFERENCES `PLAYER` (`PLAYER_ID`) ON DELETE CASCADE ON UPDATE NO ACTION,
  CONSTRAINT `STAT_TARGET_PLAYER_ID` FOREIGN KEY (`STAT_TARGET_PLAYER_ID`) REFERENCES `PLAYER` (`PLAYER_ID`) ON DELETE CASCADE ON UPDATE NO ACTION
) ENGINE=InnoDB AUTO_INCREMENT=29 DEFAULT CHARSET=latin1;
/*!40101 SET character_set_client = @saved_cs_client */;

--
-- Dumping data for table `STAT`
--

LOCK TABLES `STAT` WRITE;
/*!40000 ALTER TABLE `STAT` DISABLE KEYS */;
INSERT INTO `STAT` VALUES (16,2,2,1,1,1,1,1,'2020-03-07 21:31:36'),(22,2,3,1,1,1,1,1,'2020-03-06 11:15:58'),(23,3,2,5,1,5,1,5,'2020-03-07 14:39:10'),(25,3,4,1,1,1,1,1,'2020-03-07 14:38:50');
/*!40000 ALTER TABLE `STAT` ENABLE KEYS */;
UNLOCK TABLES;

--
-- Table structure for table `TROPHY`
--

DROP TABLE IF EXISTS `TROPHY`;
/*!40101 SET @saved_cs_client     = @@character_set_client */;
/*!50503 SET character_set_client = utf8mb4 */;
CREATE TABLE `TROPHY` (
  `TRO_ID` int(11) NOT NULL AUTO_INCREMENT,
  `TRO_USER_ID` int(11) DEFAULT NULL,
  `TRO_POS` int(1) DEFAULT NULL,
  `TRO_DESC` varchar(45) DEFAULT NULL,
  PRIMARY KEY (`TRO_ID`)
) ENGINE=InnoDB AUTO_INCREMENT=5 DEFAULT CHARSET=latin1;
/*!40101 SET character_set_client = @saved_cs_client */;

--
-- Dumping data for table `TROPHY`
--

LOCK TABLES `TROPHY` WRITE;
/*!40000 ALTER TABLE `TROPHY` DISABLE KEYS */;
INSERT INTO `TROPHY` VALUES (1,2,1,'KeepScore ELO - Champion'),(2,2,2,'KeepScore ELO - Runner Up'),(3,2,3,'KeepScore ELO - Third Place');
/*!40000 ALTER TABLE `TROPHY` ENABLE KEYS */;
UNLOCK TABLES;

--
-- Table structure for table `USER`
--

DROP TABLE IF EXISTS `USER`;
/*!40101 SET @saved_cs_client     = @@character_set_client */;
/*!50503 SET character_set_client = utf8mb4 */;
CREATE TABLE `USER` (
  `USER_ID` int(11) NOT NULL AUTO_INCREMENT,
  `USER_GMAIL` varchar(100) DEFAULT NULL,
  `USER_NAME` varchar(100) DEFAULT NULL,
  `USER_IMAGE` varchar(100) DEFAULT NULL,
  `USER_DATA` json DEFAULT NULL,
  PRIMARY KEY (`USER_ID`),
  UNIQUE KEY `USER_GMAIL_UNIQUE` (`USER_GMAIL`)
) ENGINE=InnoDB AUTO_INCREMENT=55 DEFAULT CHARSET=latin1;
/*!40101 SET character_set_client = @saved_cs_client */;

--
-- Dumping data for table `USER`
--

LOCK TABLES `USER` WRITE;
/*!40000 ALTER TABLE `USER` DISABLE KEYS */;
INSERT INTO `USER` VALUES (1,'coisox@gmail.com','Aizal Manan','http://127.0.0.1//my/arenavault/api/profilepic/1_5e638b0617154.jpg','{\"SERVE\": 0, \"ATTACK\": 0, \"DEFENSE\": 0, \"FOOTWORK\": 0, \"PLACEMENT\": 0}'),(2,'mnasir@gmail.com','M. Nasir','https://i.ibb.co/VDcJVBp/male-01.jpg','{\"SERVE\": 0, \"ATTACK\": 0, \"DEFENSE\": 0, \"FOOTWORK\": 0, \"PLACEMENT\": 0}'),(3,'afdlin@gmail.com','Afdlin','https://i.ibb.co/y0QWV1Z/male-07.jpg','{\"SERVE\": 0, \"ATTACK\": 0, \"DEFENSE\": 0, \"FOOTWORK\": 0, \"PLACEMENT\": 0}'),(4,'hafiz@gmail.com','Hafiz','https://i.ibb.co/S57pkVD/male-09.jpg','{\"SERVE\": 0, \"ATTACK\": 0, \"DEFENSE\": 0, \"FOOTWORK\": 0, \"PLACEMENT\": 0}'),(5,'shaheizy@gmail.com','Shaheizy','https://i.ibb.co/6bCp9kc/male-08.jpg','{\"SERVE\": 0, \"ATTACK\": 0, \"DEFENSE\": 0, \"FOOTWORK\": 0, \"PLACEMENT\": 0}'),(6,'aiman@gmail.com','Aiman','https://i.ibb.co/8K52zQS/male-06.jpg','{\"SERVE\": 0, \"ATTACK\": 0, \"DEFENSE\": 0, \"FOOTWORK\": 0, \"PLACEMENT\": 0}');
/*!40000 ALTER TABLE `USER` ENABLE KEYS */;
UNLOCK TABLES;

--
-- Dumping events for database 'arenavault'
--

--
-- Dumping routines for database 'arenavault'
--
/*!40103 SET TIME_ZONE=@OLD_TIME_ZONE */;

/*!40101 SET SQL_MODE=@OLD_SQL_MODE */;
/*!40014 SET FOREIGN_KEY_CHECKS=@OLD_FOREIGN_KEY_CHECKS */;
/*!40014 SET UNIQUE_CHECKS=@OLD_UNIQUE_CHECKS */;
/*!40101 SET CHARACTER_SET_CLIENT=@OLD_CHARACTER_SET_CLIENT */;
/*!40101 SET CHARACTER_SET_RESULTS=@OLD_CHARACTER_SET_RESULTS */;
/*!40101 SET COLLATION_CONNECTION=@OLD_COLLATION_CONNECTION */;
/*!40111 SET SQL_NOTES=@OLD_SQL_NOTES */;

-- Dump completed on 2020-03-08  0:29:34
